"Prefix","LName","FName","MailAddress","Mail City","MailZip","MailState","State","Email","CVIEmail","CVIErrorEmail","FileType"
"","Gerlach","Robert","5251 Dr. MLK Jr. Ave","Anchorage","99507","AK","ALASKA","bob.gerlach@alaska.gov","Minnie.keller@alaska.gov,decosv.akanimals@alaska.gov","","PDF"
"","Frazier","Anthony","1445 Federal Drive","Montgomery","36107-1123","AL","ALABAMA","tony.frazier@agi.alabama.gov","sharon.fulmer@agi.alabama.gov","","PDF"
"","Badley","George","P.O. Box 8505","Little Rock","72205","AR","ARKANSAS","pbadley@alpc.ar.gov","sspann@alpc.ar.gov","","PDF"
"","Hunt","John","1688 West Adams Street","Phoenix","85007","AZ","ARIZONA","jhunt@azda.gov","CVI@azda.gov","","PDF"
"","Jones","Annette","1220 N Street, Room A-107","Sacramento","95814","CA","CALIFORNIA","awhiteford@cdfa.ca.gov","evet@cdfa.ca.gov","","PDF"
"","Roehr","Keith","305 Interlocken Parkway","Broomfield","80021","CO","COLORADO","Keith.Roehr@state.co.us","coanimals@ag.state.co.us","","PDF"
"","Lis","Mary","165 Capitol Ave, Rm G-8A","Hartford","06106","CT","CONNECTICUT","mary.lis@ct.gov","ctstate.vet@ct.gov","","PDF"
"","Delvento","Vito",,"Washington","20002","DC","DISTRICT OF COLUMBIA","vito.delvento@dc.gov","vito.delvento@dc.gov","","PDF"
"","Hirst","Heather","2320 S. DuPont Highway","Dover","19901","DE","DELAWARE","heather.hirst@state.de.us","Robert.moore@state.de.us","","PDF"
"","Lamb","Samuel","407 South Calhoun St, Mail Stop: M7","Tallahassee","32399-0800","FL","FLORIDA","samuel.lamb@freshfromflorida.com","FlaOCVI@freshfromflorida.com","","PDF"
"","Cobb, Jr.","Robert","19 Martin Luther King Jr. Dr., SW","Atlanta","30334-4201","GA","GEORGIA","Robert.Cobb@agr.georgia.gov","Gaylynn.Watts@agr.georgia.gov","","PDF"
"","Poole","Thomas","163 Dairy Road","Mangilao","96913","GU","GUAM",,"gu.agri@yahoo.com","","PDF"
"","Foppoli","James","99-941 Halawa Valley Street","Aiea","96701","HI","HAWAII","james.m.foppoli@hawaii.gov","hdoaic@hawaii.gov, rabiesfree@hawaii.gov","","PDF"
"","Schmitt","David","Wallace Bldg., 2nd Flr., East 9th & Grand","Des Moines","50319","IA","IOWA","David.Schmitt@iowaAgriculture.gov","Karla.Crawford@iowaagriculture.gov,ren.davenport@iowaagriculture.gov","","PDF"
"","Barton","Bill","P.O. Box 7249","Boise","83707","ID","IDAHO","bill.barton@agri.idaho.gov","jeni.marple@agri.idaho.gov","","PDF"
"","Ernst","Mark","P.O. Box 19281","Springfield","62794-9281","IL","ILLINOIS","mark.ernst@Illinois.gov","AGR.CVI@Illinois.gov","","PDF"
"","Marsh","Bret","Discovery Hall Suite 100, 1202 E 38th Street, Indi","Indianapolis","46205","IN","INDIANA","bmarsh@boah.in.gov","cvi@boah.in.gov","","PDF"
"","Brown","William","1320 Research Park Dr","Manhattan","66502","KS","KANSAS","William.Brown@kda.ks.gov","ICVI@kda.ks.gov","","PDF"
"","Stout","Robert","109 Corporate Dr","Frankfort","40601","KY","KENTUCKY","robert.stout@ky.gov","agr.cvi@ky.gov","","PDF"
"","Robbins","Brent","P.O. Box 1951","Baton Rouge","70821","LA","LOUISIANA","brobbins@ldaf.la.gov","vetreports@ldaf.state.la.us","","PDF"
"","O'Connor","Lorraine","251 Causeway St., Suite 500","Boston","02114-2151","MA","MASSACHUSETTS","lorraine.o'connor@state.ma.us","esther.wegman@state.ma.us","","PDF"
"","Hohenhaus","Guy","50 Harry S. Truman Parkway","Annapolis","21401","MD","MARYLAND","hohenhgs@mda.state.md.us","animalhealth.mda@maryland.gov","","PDF"
"","Hoenig","Donald","State House, Station 28","Augusta","04333-0028","ME","MAINE","donald.e.hoenig@maine.gov","Melissa.freeman@maine.gov","","PDF"
"","Averill","James","P.O. Box 30017","Lansing","48909","MI","MICHIGAN","averillj1@michigan.gov","CVI@michigan.gov","","PDF"
"","Hartmann","William","625 North Robert St.","St. Paul","55155","MN","MINNESOTA","bill.hartmann@bah.state.mn.us","Trace@state.mn.us","","PDF"
"","Hickam","Linda","P.O. Box 630","Jefferson City","65102-0630","MO","MISSOURI","linda.hickam@mda.mo.gov","mohealth.certificates@mda.mo.gov","","PDF"
"","Seman","Richard ","P.O. Box 10007","Saipan","96950-8907","MP","NORTHERN MARIANA ISLANDS","rbsdfw@itecnmi.com","rbsdfw@itecnmi.com","","PDF"
"","Watson","James","P.O. Box 3889","Jackson","39207","MS","MISSISSIPPI","JimW@mdac.ms.gov","Msstatevet@mdac.ms.gov","","PDF"
"","Zaluski","Martin","P.O. Box 202001","Helena","59620-2001","MT","MONTANA","mzaluski@mt.gov","livpermits@mt.gov","","PDF"
"","Marshall","David","1030 Mail Service Center","Raleigh","27699-1030","NC","NORTH CAROLINA","david.marshall@ncagr.gov","joe.web@ncagr.gov","","PDF"
"","Keller","Susan","600 E. Boulevard Ave., Dept. 602","Bismark","58505","ND","NORTH DAKOTA","skeller@nd.gov","tcelley@nd.gov","","PDF"
"","Hughes","Dennis","P.O. Box 94787","Lincoln","68509-4787","NE","NEBRASKA","dennis.hughes@nebraska.gov","agr.cvi@nebraska.gov,steve.gramlich@nebraska.gov","","PDF"
"","Crawford","Stephen","P.O. Box 2042","Concord","03302-2042","NH","NEW HAMPSHIRE","scrawford@agr.state.nh.us","cindy.heisler@agr.nh.gov","","PDF"
"","Tamassia","Manoel","P.O. Box 330","Trenton","08625","NJ","NEW JERSEY","manoel.tamassia@ag.state.nj.us","joanne.lontz@ag.state.nj.us","","PDF"
"","Baker","Joe","300 San Mateo NE, Ste. 1000","Albuquerque","87108","NM","NEW MEXICO","dave.fly@state.nm.us","statevet@nmlbonline.com","","PDF"
"","LaRussa","Phil","405 South 21st St.","Sparks","89431","NV","NEVADA","plarussa@agri.nv.gov","icvis@agri.nv.gov","","PDF"
"","Smith","David","10 B Airline Drive","Albany","12235","NY","NEW YORK","david.smith@agmkt.state.ny.us","Carole.keyser@agriculture.ny.gov, Erin.bond@agriculture.ny.gov","","PDF"
"","Forshey","Tony","8995 E. Main Street","Reynoldsburg","43068","OH","OHIO","tforshey@agri.ohio.gov","sarah.martin@agri.ohio.gov","","PDF"
"","Hall","Rod","P.O. Box 528804","Oklahoma City","73152","OK","OKLAHOMA","rod.hall@ag.ok.gov","Health.Certificates@ag.ok.gov","","PDF"
"","LeaMaster","Brad","635 Capital St., NE","Salem","97301-1531","OR","OREGON","bleamaster@oda.state.or.us","egookin@oda.state.or.us; klawson@oda.state.or.us;smartinez@oda.state.or.us","","PDF"
"","Shultz","Craig","2301 N. Cameron St.","Harrisburg","17110-9408","PA","PENNSYLVANIA","crashultz@state.pa.us",,"","PDF"
"","Diaz-Collazo","Hector","Commonwealth of Puerto Rico Box 10163","Santurce","00908","PR","PUERTO RICO",,,"","PDF"
"","Marshall","Scott","235 Promenade Street, Rm 370","Providence","02908","RI","RHODE ISLAND","scott.marshall@dem.ri.gov","peter.belinsky@dem.ri.gov,scott.marshall@dem.ri.gov","","PDF"
"","Parr","Boyd","P. O. Box 102406","Columbia ","29224    ","SC","SOUTH CAROLINA","bparr@clemson.edu","scvetcert@clemson.edu","","CVI"
"","Oedekoven","Dustin","411 S. Fort St.","Pierre","57501","SD","SOUTH DAKOTA","dustin.oedekoven@state.sd.us","aibmail@state.sd.us","","PDF"
"","Hatcher","Charles","P.O. Box 40627","Nashville","40627","TN","TENNESSEE","charles.hatcher@tn.gov","animal.health@tn.gov,Kimberly.Binkley@tn.gov","","CVI"
"","Ellis","Dee","P.O. Box 12966","Austin","78711","TX","TEXAS","dee.ellis@tahc.state.tx.us","cvi_submit@tahc.texas.gov","tahc_disapproved_cvi@tahc.texas.gov","PDF"
"","King","Bruce","P.O. Box 146500","Salt Lake City","84114-6500","UT","UTAH","bking@utah.gov","cvi@utah.gov","","PDF"
"","Hess","Warren","P O Box 146500","Salt Lake City","84114-6500","UT","UTAH","wjhess@utah.gov","cvi@utah.gov","","PDF"
"","Wilkes","Richard","P.O. Box 1163","Richmond","23218","VA","VIRGINIA","richard.wilkes@vdacs.virginia.gov","cvi@vdacs.virginia.gov","","PDF"
"","Bradford","Bethany","Estate Lower Love","Kingshill, St. Croix","00850","VI","VIRGIN ISLANDS OF THE U.S.","bethany.bradford@doa.vi.gov",,"","PDF"
"","Haas","Kristin","116 State Street","Montpelier","05602-2901","VT","VERMONT","Kristin.Haas@state.vt.us","Stephanie.parks@state.vt.us","","PDF"
"","Kohrs","Paul","P.O. Box 42560","Olympia","98504-2577","WA","WASHINGTON","pkohrs@agr.wa.gov","WAImportCVI@agr.wa.gov","","PDF"
"","McGraw","Paul","P.O. Box 8911","Madison","53708-8911","WI","WISCONSIN","paul.mcgraw@wisconsin.gov","DATCPAnimalImports@wisconsin.gov","","PDF"
"","Plumley","Jewell","1900 Kanawha Blvd., East","Charleston","25305-0172","WV","WEST VIRGINIA","jplumley@ag.state.wv.us","jcantley@wvda.us","","PDF"
"","Logan","Jim","610 Fairgrounds Road","Riverton","82501","WY","WYOMING","Jim.Logan@wyo.gov","lindsay.johnson@wyo.gov,douglas.leinart@wyo.gov","","PDF"
